2024-12-12 06:17:21,156.667,95.7447,2,47,18,"Debugging is twice as hard as writing the code."
2024-12-12 06:18:33,84,79.5918,10,49,35,"Complexity is what we don't fully understand yet."
2024-12-12 06:23:36,113.571,82.0755,19,106,56,"Perfection is achieved not when there is nothing more to add, but when there is nothing left to take away."
2024-12-12 06:37:55,114.286,72.5,11,40,21,"Good code is its own best documentation."
2024-12-12 06:37:55,114.286,72.5,11,40,21,"Good code is its own best documentation."
2024-12-12 06:41:23,183.75,97.9592,1,49,16,"Any program is obsolete as soon as it is created."
2024-12-12 06:41:23,183.75,97.9592,1,49,16,"Any program is obsolete as soon as it is created."
2024-12-12 06:46:03,154.286,96.2963,2,54,21,"Code readability is more important than writing speed."
2024-12-12 06:46:03,154.286,96.2963,2,54,21,"Code readability is more important than writing speed."
2024-12-12 06:46:41,154.737,83.6735,8,49,19,"Any program is obsolete as soon as it is created."
2024-12-12 06:46:41,154.737,83.6735,8,49,19,"Any program is obsolete as soon as it is created."
2024-12-12 06:46:59,148.235,88.0952,5,42,17,"Comments should explain 'why', not 'what'."
2024-12-12 06:46:59,148.235,88.0952,5,42,17,"Comments should explain 'why', not 'what'."
2024-12-12 06:47:17,175.714,97.561,1,41,14,"Code is written once but read many times."
2024-12-12 06:47:17,175.714,97.561,1,41,14,"Code is written once but read many times."
2024-12-12 06:47:48,96,77.5,9,40,25,"Proper naming is the art of programming."
2024-12-12 06:47:48,96,77.5,9,40,25,"Proper naming is the art of programming."
2024-12-12 06:50:40,89.0909,73.4694,13,49,33,"Complexity is what we don't fully understand yet."
2024-12-12 06:50:40,89.0909,73.4694,13,49,33,"Complexity is what we don't fully understand yet."
2024-12-12 06:51:52,81.8182,94.6667,4,75,55,"If you can't explain something simply, you don't understand it well enough."
2024-12-12 06:51:52,81.8182,94.6667,4,75,55,"If you can't explain something simply, you don't understand it well enough."
2024-12-12 06:55:04,122.222,89.0909,6,55,27,"The beauty of code lies in its simplicity and elegance."
2024-12-12 06:55:36,129.474,73.1707,11,41,19,"Code is written once but read many times."
